Name,Tag,puuid
Petit0,028,3lvZSrQ_s6OBjpKQ59ZfDxe_OPo6BgCIm2gi9cpgLvF1J7OiOtch9fShNE5HkY2QdiAZ932CDmi_8A
最长的电影,JAY,DueH9LLwBax4DJcFPpTpi5hIWv52bLETZ_ne8s_BHmmC3eC_64cZFARKnCyBVivx19LOKIDZlKOu3g
LEEaugeoflegends,EUW,OMF7Ms174ni84TGqTS3irvX_b86Trl_ThRsi_A4KaETyrIsbxFqyR1byLq1iqdb_pb2YBRFaadbHyA
xLayron,EUW,A7zA17Mb6zNMDDmkPF9o1sEjg_CwQhDCdy3NyJdrImnP1s3ggdP3I-inT6YpXHn15X2XpGzYY4ORow
Tiger XoXo,EUW,LAZqdkdGmsHjOQ5WKdBklQ7DRn7_RJIEHWiFeyq95G4xchPIXvNB5-JH5RC8u2du6h8oWrWOTby3mQ
ManoJaack,WUJU,GySeA5VvUaYg7NlCIGo6helKfaAS_FbY7OszVS7ThmRXwvZv5oHoizUgGcQl4L6B0EF8OJfwAmiU4Q
sybau nihao,xxx,n32WEc_-rLm8oDUxWQhwArSOAF4XNr0_xrwxJ4EmidUSmhPccLSae8fejKdUDBgFtGwu17w2PddXVg
BurnEveryTurn,EUW,nufpqTs-LGTQYIDSpsCoz49RZA7gNn8F1efByJxx9bRn8YyEfmDfHAZYRgD6myhCiGn5NBcExGgIhw
Ludde,Jng,NhVF1iyViJp4lnpeWJ6OZgBpmxU3finaby209R7fkt0aDO--XV4jV9wFt_FQGVE6m5hgNfjqHQpDzQ
JacianT,0007,GpbePmun9wSCpJOrNDRRTF16WWciaZ10ow5tNZVZ4TRN-OaNmKygYGByMJxvFwljG1UkTKFAtrqQzw
Tazoneta,GOATH,5dNC0JVRYWDMlugu2_YYWlBLoVrmNN6tZRmgChTsno6-cfIkqxr9Wwc9CiSFW3RuVgfrweqpK713Aw
Dartox,1236,Z8tLh58TL38pzqeRjEa-cwfqfgfBfAbiQNLTk1cQUvwB2-WztyRp8yvtpJuoDJt6Wj8jNkFY264xbA
R2D2KenaiBy,WPGG,44lNcU60zIL-xveeZRBd2KNa8szX0altVqTQiVJm_f5oYGuvE07lvvXSVqxaxaABhLodFYe30Mwd_w
SangonomyaKokomi,EUW,yK_8JpHrnTcEnnT6cJu-9k2J0_Y8x0xpO-g7ytrHCCGflWk5PQegzBvTnJcWiAxF7asTbPTUiEq76A
ζξHeartlessζξ,666,28yw3Z7Z1xk_YEfA2vGMLWQcO21DrvhcR541SI4Qn9MTJJDOFYtUHBiBAWyR6Y2q_JJaGKxlHNh-eQ
Ipecacuhana,2835,BQE5j_SIIzIU1MMzHzMcxwEAkpo7dbI9J1xr2ievVRqvNQYEDyyKR0AC7vcm4icLKYHx0T1dDYYdWQ
5teinthor,EUW,9ROdQH-ZdRvSb9be6ngLp25BUiWldCeEDhZGWME3Bq2Sdp2nupQo4bq9mwONLE9chunh6V5ic2AgUA
LP2N,Lau,gqewLlbs-U-R2C06yQzX5q_cpXvF7rpH3L-JMvlMqvAIS4-YETcrlLbigtR6PNFozQHAgXgnfKNFgA
LP Spender,EUW,8KMoI8AuKiU6Wil-RU1_wX6PEilCdUaqjDki9PufoTUG7X8PVUPB4WEg7Uj4v6CExzqMXcjUhoTA3A
AzN D Rainmaker,EUW,O9obHRK2_iVv5k1ib89-zyIg-kdQ88j8LcJnCs_MQJSPaac5OScgFfOOBkoeKls4s-uqnC0RNDxvkQ
Le Fauve Véloce,ADIX,jcbgUoIW8iyV5PJWNO3kw-Tx3DEb78L1HxwjsW1vOSouBWiHelDe22_i9g2xMkY7yL220_oM4YY5wQ
Luck Sin,EUW,KJ8vfp4lpDbV9CMRrYT3duMXEVy4PZ6TdsiP4HVqCxRD1P7d0nhNphrT3WKttOKYYv8NzlAg4doCEA
Sassy Sea Otter,EUW,lIHjJcCCyh98AehjTwG6Sv7K_DOG5s9B9Q-bjshozfCT7-7aah4n_ODVl49l5EIPEUNhacwcoTz3qw
Gerbentjeeuh,EUW,qBhjvDSIeMGbXT76pg4VM4wjGSbXpvd6ESW-iB1J8wlHD7FcJQkFt6Cg5ZMe7cpKu82t8CHXpSVA7g
tgv485,EUW,OS6litp7OsmZQ6zk2iZj8lJ2Uu1rMdcVgVwY2n1QjfDZtn_KlR4fXObpJtrBzGlQ5d7AxAzq0Q99TA
II Mizzu II,PAPI,zVnncmnoPUw5BiXvEzX1Ip1e9kcuL9f2ai0rv_g8YLGHs_KjEjZbufaYKgncYbGd70HIrlgjX8R8Zg
GaZu v2,EUW,brpQs5Kj3cCOB8ybIwXEHj6aGK59f7asQ_1of_vFx7HSFidQYPsLUajZm4iGOf1K5NX_XrxgxEceKw
Tchabal,00000,_Lc1eGvZpwdXrdsiKVnNBCPEsDBkYA_l5LYeC04IW7fS6tNLy_wvEpaljeBj7EUGVRMssNBNFQjO9g
I am Velcory,EUW,VlpksJIZ2HmV7tXPrxqVSzFISMa4GGJZbdcVC-TcBAOipb4RHfanY4FCN5tMTqXz5a1uhQhq8Vgd2g
48014,EUW,LOI2IBJL-ZNEo0VKLcQzJoLPxS6ROKu0Jy1ua5CXRlXZUx-5r7kvPlQWNxMB5MQGOBixODqocjh8LQ
Kinda,sus,6Z6SWtYK7LAIRZ4PKoVXwbbryN-4BIU9iBWJO1V-hGedBK1m5lFltMIxmdOvuQrCMQvvV6r60mHbNw
lemme tell u sum,man,vY8jAVTp-UAgR8r-iMPz1F7WSPsZbnBjzNTLkS2_tnME2UDXzIwgs2ckF5fyoO8vFabkzKDWQ_5AMg
CHΙLL,Frogy,AEUPaR3MHTTxMyzwBEUTKD1_H9PaSh-NhLnuiO_FjyBv3ABEOGiW7PN5CH_pmpKJtrej0VvuPDokVA
Davidodos,JHIN,saRvlfsFuOO9YSqZ47PdYbh4-0bMbsBvka9nqVFdCEk1IHeWmYyAU18CjrPU-WBHogbVjgNuGWoU8w
Nephis,000,kQ4gSOyB7x3pi9Fq6YMLCYuVbgbi9y9wWz3L147IPqLXagK6QfigyKpnX_6IFuPvvoezZIxfK6VAsA
Jeeryxus,Ahri,Wr9m0uKmoGZadu8c1_10A1dcjrl2OMphjRMQP5_Q4S1-IG2PlavQO7mufr_lOGMgj__g_-bjYibbvg
vΛvΔvΔvΔvΛv,EUW,H9wG0smxeLv-IUJRLbMmMz7kaLf2fHfROqpBBmr5Qy65y1uYEXoiONMDYRaOEj7NmXRLd_jLKwA7Kg
Light,DeaNo,_nYFSTnVMxkRqPcDpsOTqzRRLfPV8CwmtxphBOrsfkr5nbCDGGIW6JVJcsDe2wuqbtlch_lEQllgyA
Frogi,GOAT,Cbqo9YopAYAmq_0WVo49DGdTZ5ojZEAOBr49a8VCVzF_QyPUEubr0xMR61ZBrH-p__1RguIqXBF15w
Pony With Dreams,Heca,aGdrVi16c3DdjC4B5OxH7EKcdq7TFmfL6CudIJ9xMjFR_JMahPWBk59IbQ-LZzpGAUgdEBVWd6Ge-g
SD elpapitoguapo,EUW,i3MHj9ZT9ADsZvH_zWA06PnqQ3UhEO4HjMItyL9XoHVE3eH9scYaJ1ztsNGqzleEcQStNGP2PzFevA
Juggerknutt,1732,S21jHQH94bI384qUB3G_pDzHLmKRGDMUXQ5zX9GKBwL8xva9wfjzoZCZ6qAzTxcy1U5rNcSDHHurSg
TORE TIRED,FRP,ZdWGAO2vpDE7N7lZ0HYv28WrklXVMO_JHllmye33zle_4qs7_ASdeAjR3bt95lGrqWiHbOStfMQMYg
ReaI Enzo,777,KUkb1Wrmpu3M0Zq9NSLjBh3TH38R5Yn1A5Vdh7e3CEZcHFaaGmxw-ow7tYU4HgyKAS_cum1BvG7Mpg
Enzo v2,EUW,Jsxi3szRUCh1R2ZD3VrDAfXkKMUTe0-GTW6bsmHy4X9UArEHp1rg-3KsTj01_xSTfppnneHjlrslBw
overwater,xdd,BQ5PLxzQtxaTqwHeZEPYnsdEdy19XBZiU-t8N-F-I7baMlak2C21M7_eh52unUZi9sCj4pIa6CN91Q
Roý,EGO,lMINBLKGPYVbjmVshRTfQRyUQ9xjQddhi_4UE7Zf0UGTraFTceTJFnvHMl6_NCvPjHnc8y5sU_lMXg
Sedoql,7300,X4jSs0LSdiFaUEEBaWBtO2g9aH6naIiBRu3uq3-wOy7Pji7lzrKucyXp-k8exp3qzKMctmPZvNBOEw
XTotsuka,EUW,df_I-kJt6BVZ_VLpF_bAl2zs6P2g4dTS7Z_qnphq9lHqQQ8HMYEXbPkBUEg4iI2JYWuaCBQP9ZP3FA
Darwin at Work,Fit,9YCJfWOzsZ4zm0TxejlXGGDPZRyg1noB0s4wKc1xFuL7UhcRzAMs2pq3plfm0HFq99f96R5RCFEQdg
CambodianGOD,CHONG,YX2waOtyLvmN1DzffdTC8ignzmPl1IWttK2pw2Vii8igRDGOei6rqhp98GXH4RlISyMvRUK8gKjdBA
Ente,vv1,GsCDQDZ2fzLqKcjVhKTzK4DAqK4pvlW6nCHX40x7Y15e8VX6H_f8_JQXUjQqg02BYPU8_XYEDHkD6w
Azalech,EUW,lkSwi2KGgIwCmRt4B__aiL8SFSNQtVVrcBUvm_l33hBiJFFmFGc5WdtEI_F5nFlHiXhuQb4I-j4ahQ
RZN Brook,PRL,CK5lrayr2Q_qwTctfEbhfwcFWfhSQO05vQteje-QOSDf-0lFXu8km617jegYbgp_B_jocTiHQcB95A
GGG,COOM,PruDVaxPCRD4GjQS8EgOuzsHsrrZ9ePIKSl-J3RLm4qUwRnV760IG9x9nrGLTaC5Ai8MWwXQjERH0g
Layback,Zyzz,kiqzXXwIexFbMkbQXhYFJ4cztSmO4DQ3CvuBySXoKYcHRQ-61LtxV2BYYjtHZFnUCLUp7eJkynE3BA
SIaktarn,EUW,h1Uk5p7FGPhLpFNoRFauMr7AcOSZO9Jxz8jsCyAbcSGTpPwEZzrvoIewsQdmcHcX4fMkPHWQtucfNg
xicilo,EUW,nOyJyiYIFoTYkqU0bTdZ6QpxYClxMNQNJRv_776kD12I-ebocjjk8hdwypiyQC8vuEC0qFREaJErAQ
I King IT I,EUW,FK_Ck3xiJGaWnYqI4p9e7V-NztNVRtOSEwZp2I78LSU_tVkpRvswExEegYyDPMRsW-fzzK7DHEK7BQ
Jhinting Bot,CHAD,cf1iErz2dcn-Gi5WY-15tZTFlFvOErtu5F65di_E6MFn-TPlqbOrGhii3BEcapEwug8HgWp4UTO67w
Cutebumtom,EUW,s04bbRK-n8q3VvX_az6LwO7H3uVT0eGQa24Oil9cYujDLHaA0SfR33JYLL-xpZSmPEoPCIzBEp2_Ew
MajesticC00kie,EUW,NUhsE6hA5R6noshPChpWoCIsbir8Iwp42u-6VAgKnDBiu6nNWbYaDw0ANGLToDbbQcPSqNZ2tc0gDQ
SuperMegaKitten,EUW,CR3gUc-GFtUmKHmz1iWDUObMVHmxq-l4ab9d6Ju9vsqDgSkhJcInmc8TTGKJzQ5KJHJcJUezKa-MTg
GottaPlayThem,ALL,dD8bMbdV7Z-ihuoaa5DCDcElR9s-JWs2Ihr3lg1GRfRgG_DTtau3J6Nvuwyo6SUc26ht45DYZgs2vg
King Basic,Slo,qWrGDpFzfFn2MYzaD3uFHkc-hYbDPM9zRStE4KqkIZM14AA7RIYJhikEdaKR0E9fCYRu6A8AJQiMqA
Oathbringer,Unite,qicsezoMn5iDdYPzpRUQk4VzpogcLiyrtSjI61qgdB4sZj8IeZRbA1OL4-we7fP6Pg3xCM_7Zeibmw
AimbotBZZZZZZZZZ,4200,gkWOi83IZdiwkd-79cnDL7yOBETtwCQW4y7IA2-LZsSfWLjjRexLKt7KLgIcOfPia16ohxWgRxQFgw
Someone7,007,JhJNm2hC0ycUdcl64WWHCkKxU7RlSwuLpFHIT6D630nsFCCPwhR966f1XPT3CdaMRbRK0-6V0kh-DA
Im A Creep,SUCE,wZp4v02YZR8666NIPUpzAOP407MeO0mssP0wl5OuvAr4qV__IHAUBxBRxN7DF48Hyk6RwGIg24XvoA
Χρυσαφενιος,Goldy,MBZXQ-0KB7xluDxj17k6lpy6u_nD-V5L-8b_7trbxiywvPRRZVVFcb9gBX97JUXbS3Z17cBt0EdIRg
Issei,EUWW,kO3PjFJ2QOC3re76h99HiGTD3OstI9PcnKlWQOqZRVsZCM2PwoxplkFZYKkj5w1TJLX7zWOLmmthdQ
isana handcreme,olive,RZA1a7eDBvxci2Zc4VQm2WXPssOwDlkI42iE2liMa2nZ7Z7Lbt7-b4bXOOHIO_NDr23nhaMkTMpztA
rem,4646,tRTAmVVs7fuIOSS0fTEJn6ty2Xe3UE14cDv7YyetzZjhEuw3nS_zfjxLnSJCQZ5e-QIzbqnow4T8cQ
VALAHALA,306,3Ul6n97UL50hUHD_yE99bVE1nDtUHlkEgK85y7iuoLis5gjcdNgIuxJdC7w1nMQhPrWmQJUHgeHGWA
Arden,TOP1,NnWS9mN5x0CEwupuOfcJN_SbdLq6jybFxpCF0vvU_XCSBplNb6yATywHlA_6a6NNHh_2LJQ813iv1g
John Wayne,vain,RS36aLzcT1RQ7b8vBu_BMOiF-yLFGfSeux96kJ_2w0JA_EAUe_O6LjT_RNpGiZEHK6ECzajtZVXKqg
Klatik,SMASH,qswDzE4g2FGg7Qc9FawJdRkmhSiQJ21kxtgrjWZvhJpSv5_m5oA3iHMnojZRuucz2j-kfSHM2rFajw
Malinaystar,2157,KopDRACLl6MpqnHr7XAMBHDM-CxXP1s76ZlIVYKvHtjCfnnOTemEPc1pNILu6scaUdOSFbuh9SfKdg
Howl,EUW2,vk03YWGa61dMQXydnnKOKWDqn7KwA2TzlHfE2yA2cElWJ2uYlhgefc99mI-3DQ-hneMN5X4LYdLo6g
Trieneiseli,1294,z_pdrZ68NvfvofMONWX4r0Cr7-Pj6THiYAMR0mLw-Ojmi-H3Ikp0x5HwhUHBOBad_aBaUsozU_tHZQ
Kishou,9696,CXwVZEdT-9Md3C4rOCTLx8fCnKlkllNcUJgyTzgIWuukXm3_RKa-25qjLVXiWC95IR_jh-_xUEmepg
Ashmskelkin,2568,Eu7LhOtspd6DiFp57D4ESO56dkeFTR1sC9Jwrqin5A_KsCF0JRoRcVaYs0ObaHlVo6vkLIEQrPJSpg
ToutouTristev2,2894,VKgVxM9dgpLOG63-MY4iBQjKqtyS0JTZS3KdhurDdZFG2uer6J98d46tPZkfv4DNYR0IJHW9mY4yDg
Kevin the Cube,Fortn,6lW9AIdBL5ojFpCMb0QpRrOVcNr2pPlDUTm72bMMlMfzG1tKEZXE_uS7UJwVFDClPJi75a4bq5UFGA
bambus,morda,qmWIgfb6HyVEvrFa4SL_yPqOyhDwKygGhNitLCszQgRTR82IOGF7lDnUKgyEq18n5te_RuMvd7oDqg
Do it like enke,AFTV,tbiJT01ov4q0bgZuZOftPDULQ_3-i9gs4X9CpU3cAlYSdHHl8CPXPChLUHtFKSzzpb1G3H8-G7lJpw
Zayn,8849,kkF_2pMiiTfATqedty1eACn-A_o_DBejTK0KI1lKYiSg4dXMX71ajoQOXfKbkDdsep1lPtSL9ThwCA
snusqueenlulu,cvelo,cvcasa2pgfB5I3LBf9-uW473FfowOqq_MSohWDUo5O9eVT_F34CNgVPP4j7nQ0m3E9WC0Cny5GRKfw
NOKIA3310,SKT,7Az_GcbInxzzJVkB2dCZgCLjEb8cux3ctfgpZJwajA1QYhZ4I4hHWZK4fpoJSpYdjlaJluOYbhwr-w
Futterluke,POAH,WxBrolbBsU01NCymte0GvqdCf5Aak7KdxTZ-P79A7o793Cw94d21MdQEcD0k0bDrGE9DhWvLwc4yvQ
Noonas good boy,Cute,Kqvqz0LD90v4RvnIW8yD_qAkyYIg70eXvcIL_Mn91susPWSsggNCiYKi4i0ONFbUxBnrNwwUC_yxvg
hospoda boss,točim,qE6XmekL94VoBXpYQHcbY953LWDyqOLv9oF18tMgvNi3lLO2V79X8nA3MZkeXL1RvUYj5ceBGuVE1w
TwTv Hamud1s,EUW,wNDp2JPUcybML57DROwpiWwTHGP6OLIibuBlZkMgTTWZoaCC8yyi75p3TUtBDu5-SXcQX-g-Ix91dg
IM ON iCE,CSX,6RKQcpdz2Oehrj6aOQRxxZ_Nh9Lj1hw9zz9vYAEJ10nDoM2uNpj2_FTqk9Jqk4LpNn3XoX7JOhDMAA
Zaedenalb,EUW,Edttfj4t2ETNEQVGpuuJzYzThmegsrgUIxPu2ktmvK1jaJwOJPDUriEXbC-zNbWJ1mIfqt1ZN5EIZA
Sloniphus,JAJCA,ld4wMjoNQlLBpG522Ptl_MT_Uzz-vQ-FL_8I3sE635LmcGFaeAJLLNkd0HDj1mWNURw5vb58hPcmng
livindaezelife,EUW,ih-NLFxLfLIcGgGPTFgjMwScUJZya8cVxQ0rGMkNjWh1SBAAchhHD-XWpgyE0ONJeNZ15dVa7jupbg
ardooo,000,cWGq8Gz7oalIjiZcXwEEi-hFjGemiMFSE7gTZrDbzS1uUlsCLQFwCsBbKH1g8Z8ns8dxYk7XNCl_3w
DTK Paluch,EUW,9YEr1dhzOa-XQn-vR7bYzOvO_NkynqrVE4Kqx-YRlPvOVd2dEfQsHxVmhOBJ4PeLLBTMdCOFbDMw9Q
JPDG,2137,jwvq7yqyZljLxYFzwf-b_eOOrVp7Tf_fpY2hudXPujNUCDlH5D1xRdpDwjz0VVMyfFJHZ_k5mBhPtw
zagssu,EUW,1ofaovOpjMjzjDnJrEpM2CWFtDx4jGgKjLOATGAtGQ1jRJRmH63663vjmy3UFbYZ-5kZDbEcPTgJHQ
